Id,Name,Surname,Email,Username,Birthdate,DateCreated,Address,PhoneNumber
10,Marlyn,Squibb,msquibb1@squidoo.com,msquibb1,6/7/2018,11/25/2017,9775 Jenna Pass,975-257-0529
11,Jazmin,Uzelli,juzelli2@ihg.com,juzelli2,3/18/2018,8/26/2018,730 Paget Avenue,783-185-7796
12,Magdalen,Lamborn,mlamborn3@cpanel.net,mlamborn3,8/18/2018,1/19/2018,2 Utah Crossing,821-104-9972
13,Pennie,Allsop,pallsop4@oakley.com,pallsop4,6/17/2018,5/17/2018,37003 Barby Plaza,786-350-4733
14,Ramon,Ludlom,rludlom5@google.co.uk,rludlom5,12/29/2017,5/19/2018,992 North Court,990-964-3188
15,Oswell,Kenney,okenney6@ca.gov,okenney6,11/23/2017,1/27/2018,2694 Lerdahl Center,507-911-0707
16,Cacilie,Frediani,cfrediani7@addtoany.com,cfrediani7,3/24/2018,4/2/2018,27 Dawn Center,916-773-1012
17,Chaddy,Grishanov,cgrishanov8@drupal.org,cgrishanov8,9/22/2017,3/15/2018,9 Jana Crossing,994-540-5374
18,Mick,MacGuffie,mmacguffie9@youtu.be,mmacguffie9,6/11/2018,1/10/2018,8 Novick Place,462-780-3116
19,Di,Capponer,dcapponera@issuu.com,dcapponera,7/16/2018,6/10/2018,75 Loftsgordon Junction,618-178-1430
20,Nari,Layman,nlaymanb@trellian.com,nlaymanb,8/10/2018,2/20/2018,72 Longview Alley,677-238-1810
21,Joey,Quipp,jquippc@hexun.com,jquippc,8/17/2018,6/30/2018,225 Little Fleur Road,846-397-7464
22,Rawley,Ferry,rferryd@google.com,rferryd,8/14/2018,11/3/2017,79 Starling Plaza,424-824-3994
23,Drona,Harback,dharbacke@chron.com,dharbacke,8/25/2018,3/28/2018,71814 Cordelia Junction,198-477-9402
24,Sterne,Jowle,sjowlef@addtoany.com,sjowlef,11/16/2017,6/27/2018,15256 Waubesa Center,962-303-5494
25,Paige,Fulop,pfulopg@yelp.com,pfulopg,10/2/2017,7/23/2018,880 Monica Drive,268-209-6710
26,Sharity,Kiezler,skiezlerh@noaa.gov,skiezlerh,10/4/2017,5/4/2018,19 Debs Place,741-977-5904
27,Saunders,Pardon,spardoni@yellowpages.com,spardoni,7/2/2018,9/7/2018,0 Oneill Alley,149-576-4810
28,Tyler,Tayt,ttaytj@indiegogo.com,ttaytj,11/17/2017,3/16/2018,183 Eagan Point,575-582-8344
29,Verene,Poacher,vpoacherk@hexun.com,vpoacherk,2/24/2018,4/9/2018,71845 Bartillon Drive,774-149-8966
30,Skippy,Gornar,sgornarl@mapy.cz,sgornarl,3/17/2018,5/29/2018,47 Dennis Pass,243-946-2689
31,Adey,Westcar,awestcarm@thetimes.co.uk,awestcarm,5/26/2018,8/30/2018,98310 Melvin Terrace,671-172-0895
32,Lurline,Gibbe,lgibben@nba.com,lgibben,7/29/2018,9/6/2018,36265 Vahlen Crossing,427-621-2281
33,Cherie,Dabourne,cdabourneo@usatoday.com,cdabourneo,4/27/2018,6/6/2018,9 Dexter Place,146-720-7529
34,Jodee,Wytchard,jwytchardp@4shared.com,jwytchardp,9/13/2018,9/17/2018,55900 Melvin Place,711-979-7465
35,Melania,Jagson,mjagsonq@ucla.edu,mjagsonq,11/5/2017,1/23/2018,94347 International Circle,868-532-8724
36,Clayton,Keitch,ckeitchr@123-reg.co.uk,ckeitchr,11/9/2017,1/4/2018,5 Del Sol Trail,703-588-4272
37,Chester,Wayt,cwayts@telegraph.co.uk,cwayts,10/10/2017,1/18/2018,8 Mendota Center,589-190-3947
38,Babbette,Ronci,broncit@tinyurl.com,broncit,9/12/2018,10/31/2017,0 Center Place,162-870-4221
39,Dolorita,Harower,dharoweru@squarespace.com,dharoweru,3/12/2018,1/17/2018,8 Donald Plaza,958-809-4343
40,Kellen,Foux,kfouxv@t-online.de,kfouxv,2/18/2018,3/4/2018,558 Wayridge Hill,137-868-2747
41,Viviene,Yeeles,vyeelesw@reference.com,vyeelesw,7/4/2018,5/20/2018,8 Toban Center,507-880-3960
42,Kasey,Biagini,kbiaginix@ycombinator.com,kbiaginix,5/19/2018,9/21/2017,722 Lakewood Hill,503-683-1941
43,Erny,Ipsley,eipsleyy@newsvine.com,eipsleyy,11/17/2017,6/5/2018,30421 Cottonwood Alley,553-852-4936
44,Darsey,Spark,dsparkz@sfgate.com,dsparkz,9/21/2017,1/8/2018,9 Lyons Hill,873-553-2937
45,Swen,Slaney,sslaney10@xinhuanet.com,sslaney10,11/1/2017,1/22/2018,6922 Sherman Point,397-984-5601
46,Almire,Pickrill,apickrill11@icq.com,apickrill11,9/14/2018,11/18/2017,9 Merry Parkway,985-302-8384
47,Stillman,Brombell,sbrombell12@amazon.de,sbrombell12,3/7/2018,9/29/2017,3228 Montana Alley,474-111-0697
48,Regan,Dawber,rdawber13@ucsd.edu,rdawber13,12/1/2017,5/16/2018,4535 Paget Center,548-970-8178
49,Graig,Cowtherd,gcowtherd14@msu.edu,gcowtherd14,12/22/2017,10/23/2017,836 Marquette Avenue,992-860-1734
50,Erny,Halls,ehalls15@jimdo.com,ehalls15,7/9/2018,10/20/2017,4 Thompson Pass,406-472-1295
51,Kristel,Kiln,kkiln16@vimeo.com,kkiln16,6/4/2018,12/2/2017,213 Brentwood Court,331-409-8655
52,Brook,Rennocks,brennocks17@unblog.fr,brennocks17,12/1/2017,3/16/2018,4 Bellgrove Hill,694-241-7089
53,Con,Binnall,cbinnall18@alibaba.com,cbinnall18,7/19/2018,5/8/2018,89739 Brentwood Parkway,957-603-7019
54,Ekaterina,Uff,euff19@wsj.com,euff19,4/30/2018,3/10/2018,5968 Canary Parkway,296-110-5276
55,Fan,Agastina,fagastina1a@foxnews.com,fagastina1a,8/18/2018,10/24/2017,3 Elka Crossing,865-130-4344
56,Ofilia,Kornousek,okornousek1b@t.co,okornousek1b,12/11/2017,12/24/2017,9 Karstens Hill,453-953-4766
57,Zorine,Tomsett,ztomsett1c@studiopress.com,ztomsett1c,8/23/2018,1/6/2018,7 Sauthoff Place,954-869-1057
58,Deirdre,Claus,dclaus1d@slideshare.net,dclaus1d,3/23/2018,2/12/2018,47 Golden Leaf Court,561-602-6654
59,Mannie,Meldon,mmeldon1e@zdnet.com,mmeldon1e,8/16/2018,11/10/2017,0 Scott Trail,124-361-8643
60,Xylia,Cicchinelli,xcicchinelli1f@opensource.org,xcicchinelli1f,1/11/2018,6/29/2018,22766 Johnson Crossing,699-268-9823
61,Leila,Sooper,lsooper1g@privacy.gov.au,lsooper1g,12/23/2017,8/2/2018,38203 Hallows Point,676-143-4579
62,Porty,Poole,ppoole1h@typepad.com,ppoole1h,12/1/2017,12/26/2017,99440 Dorton Pass,126-869-8130
63,Gustavus,Louedey,glouedey1i@histats.com,glouedey1i,1/5/2018,8/17/2018,06 Ohio Junction,449-486-9791
64,Therese,Cochrane,tcochrane1j@skyrock.com,tcochrane1j,7/1/2018,6/13/2018,0320 Pankratz Alley,173-712-3556
65,Genvieve,Fessler,gfessler1k@scientificamerican.com,gfessler1k,9/17/2018,6/28/2018,122 Corry Center,834-547-8365
66,Mohammed,Fordyce,mfordyce1l@angelfire.com,mfordyce1l,10/20/2017,1/6/2018,7127 Sundown Way,391-395-8320
67,Fielding,Wetherell,fwetherell1m@addtoany.com,fwetherell1m,9/2/2018,10/23/2017,4298 Mosinee Pass,536-338-3589
68,Israel,Crissil,icrissil1n@twitter.com,icrissil1n,6/24/2018,10/17/2017,3 Schiller Center,777-786-0220
69,Melloney,Franklyn,mfranklyn1o@deliciousdays.com,mfranklyn1o,3/11/2018,5/18/2018,7946 Hovde Terrace,995-643-5387
70,Glori,Snadden,gsnadden1p@1688.com,gsnadden1p,5/29/2018,3/1/2018,86 Spohn Trail,104-865-7034
71,Jaymee,Bayns,jbayns1q@upenn.edu,jbayns1q,12/27/2017,7/30/2018,67105 Twin Pines Hill,568-814-2856
72,Giustina,Wilstead,gwilstead1r@usatoday.com,gwilstead1r,5/2/2018,6/4/2018,3340 Ronald Regan Lane,890-787-5413
73,Leila,Bruneton,lbruneton1s@cdc.gov,lbruneton1s,5/19/2018,10/8/2017,3952 Karstens Lane,252-315-0574
74,Rudolf,Hargraves,rhargraves1t@t-online.de,rhargraves1t,2/18/2018,6/6/2018,43 Pond Street,739-541-4640
75,Edsel,McMechan,emcmechan1u@kickstarter.com,emcmechan1u,10/10/2017,5/10/2018,0 Corscot Road,646-704-5446
76,Dorita,Mathes,dmathes1v@homestead.com,dmathes1v,9/23/2017,11/24/2017,391 Stone Corner Hill,438-619-3889
77,Elberta,Marquis,emarquis1w@disqus.com,emarquis1w,7/25/2018,10/10/2017,71 Dakota Place,679-652-6557
78,Alyce,Hanvey,ahanvey1x@devhub.com,ahanvey1x,6/22/2018,4/28/2018,943 Kropf Plaza,745-453-1803
79,Carrol,Waterhouse,cwaterhouse1y@pen.io,cwaterhouse1y,5/1/2018,2/16/2018,18 Paget Lane,262-727-9170
80,Lorrie,Zellmer,lzellmer1z@e-recht24.de,lzellmer1z,12/6/2017,4/5/2018,900 Eastwood Pass,260-420-3567
81,Anderson,Otteridge,aotteridge20@w3.org,aotteridge20,1/1/2018,12/23/2017,849 Hudson Hill,648-286-3082
82,Hallie,Ravenhills,hravenhills21@amazonaws.com,hravenhills21,6/9/2018,8/20/2018,032 Morningstar Plaza,555-383-5380
83,Fields,Poulglais,fpoulglais22@usatoday.com,fpoulglais22,8/24/2018,5/5/2018,266 Dennis Terrace,312-604-2118
84,Kristo,Sibson,ksibson23@independent.co.uk,ksibson23,9/18/2018,6/26/2018,77 Havey Way,284-855-7269
85,Leah,Sclanders,lsclanders24@comcast.net,lsclanders24,4/25/2018,7/20/2018,7 Melby Crossing,813-736-7479
86,Dewitt,Gregore,dgregore25@nps.gov,dgregore25,12/12/2017,7/7/2018,8 Memorial Hill,176-815-4117
87,Iormina,Springthorpe,ispringthorpe26@answers.com,ispringthorpe26,7/23/2018,1/11/2018,86344 Buell Crossing,296-239-4299
88,Barbee,Torrejon,btorrejon27@omniture.com,btorrejon27,9/10/2018,3/30/2018,8727 Cordelia Circle,878-588-6374
89,Halimeda,Tregoning,htregoning28@un.org,htregoning28,9/14/2018,9/15/2018,81 Lighthouse Bay Street,988-429-7692
90,Trixi,Golsby,tgolsby29@scribd.com,tgolsby29,10/12/2017,3/12/2018,48894 Service Point,264-185-0309
91,Quinn,Ovendon,qovendon2a@yolasite.com,qovendon2a,5/19/2018,1/3/2018,40 Grasskamp Circle,283-209-4393
92,Ki,Leckenby,kleckenby2b@engadget.com,kleckenby2b,3/29/2018,11/16/2017,8457 Thompson Alley,558-759-1023
93,Nikaniki,Robbins,nrobbins2c@seesaa.net,nrobbins2c,2/25/2018,2/25/2018,253 Russell Terrace,206-650-3137
94,Dur,Teodoro,dteodoro2d@rambler.ru,dteodoro2d,5/28/2018,5/11/2018,0 Eliot Plaza,951-829-2910
95,Arlette,Seint,aseint2e@bigcartel.com,aseint2e,9/28/2017,5/16/2018,09497 Barby Court,551-732-1809
96,Murdoch,Addey,maddey2f@a8.net,maddey2f,3/1/2018,2/11/2018,88 Gulseth Court,253-678-6215
97,Rasla,Warhurst,rwarhurst2g@fema.gov,rwarhurst2g,2/17/2018,7/15/2018,19 New Castle Park,576-438-1033
98,Mavis,Cossons,mcossons2h@bloglovin.com,mcossons2h,2/5/2018,3/28/2018,88381 Pleasure Hill,111-621-4577
99,Ariel,Kures,akures2i@springer.com,akures2i,8/24/2018,1/15/2018,11 Sloan Street,333-740-0167
100,Rodolphe,O'Sharkey,rosharkey2j@opensource.org,rosharkey2j,4/3/2018,12/5/2017,0205 Muir Drive,586-855-1130
101,Sophie,Sprigin,ssprigin2k@indiegogo.com,ssprigin2k,6/26/2018,12/6/2017,5919 Corry Plaza,269-568-9964
102,Eimile,Cheetham,echeetham2l@bravesites.com,echeetham2l,1/7/2018,11/19/2017,706 North Lane,723-417-3595
103,Remus,Antonelli,rantonelli2m@adobe.com,rantonelli2m,12/28/2017,2/19/2018,19 Utah Street,255-410-7601
104,Brig,Duhig,bduhig2n@multiply.com,bduhig2n,11/26/2017,7/22/2018,7522 Westridge Terrace,264-323-5731
105,Nobe,Dumbreck,ndumbreck2o@elpais.com,ndumbreck2o,8/11/2018,4/30/2018,01 Beilfuss Plaza,121-693-3214
106,Devinne,Brisseau,dbrisseau2p@berkeley.edu,dbrisseau2p,9/2/2018,4/29/2018,23 Mallard Alley,280-539-3229
107,Deidre,Mixon,dmixon2q@tumblr.com,dmixon2q,10/4/2017,1/5/2018,77 Browning Terrace,107-867-5642
108,Giles,Lown,glown2r@cbsnews.com,glown2r,9/6/2018,8/21/2018,4 Dixon Place,469-721-7286
